Spindle_W2_mean;Spindle_W2_std;Spindle_W2_kurtosis;Spindle_W2_skew;Spindle_W2_RMS;Spindle_W2_CrestFactor;Spindle_W2_ShapeFactor;Spindle_W2_FC;Spindle_W2_MSF;Spindle_W2_RMSF;Spindle_W2_Vfreq;Spindle_W2_RVfreq;Spindle_W2_Freqskew;Spindle_W2_Freqkurtosis;Spindle_W3_mean;Spindle_W3_std;Spindle_W3_kurtosis;Spindle_W3_skew;Spindle_W3_RMS;Spindle_W3_CrestFactor;Spindle_W3_ShapeFactor;Spindle_W3_FC;Spindle_W3_MSF;Spindle_W3_RMSF;Spindle_W3_Vfreq;Spindle_W3_RVfreq;Spindle_W3_Freqskew;Spindle_W3_Freqkurtosis
-21.16869019607917;10.10.2945488287116;-0.7403183760617858;-0.15665327684663335;15.8160-21.26413152;-0.11380864820169048;-1.2997307852596611;0.00438419948578611;0.013193422935358915;0.11486262636453563;0.013174201730227741;0.1147789254620714;4.231702224672552;20.105527968996146;-4.70376-21.02351084;0.28885180022260715;3.3688252990883827;-0.15665327684663335;4.712622759993342;-0.5092705531989984;-1.0018837384734718;0.000645355560267093;5.3308802669415875e-06;0.0023088699112209826;4.914396467773914e-06;0.002-21.68438077081374;2.75049930419-21.14;258779987.24045303
-22.6-21.843137255253;9.584719074656872;-0.7551659729715784;-0.14631180862632692;15.064331304344902;-0.11948754734840691;-1.29620845-21.735049;0.004495929262435703;0.012069877465090152;0.10986299406574605;0.012049664085157345;0.10977096193965571;4.184556433684504;19.800337013563325;-4.6923928077453345;0.29042859644008034;4.243825690147178;-0.14631180862632692;4.701372037162209;-0.404137342244-21.366;-1.001913571558-21.53;0.0006466746050088076;5.44707753067698e-06;0.0023338974978942373;5.028889485913696e-06;0.002242518558655356;2.7612-21.477176901;195678025.2847732
-10.714407843137163;9.79318-21.15301423;-0.781067460142413;-0.1254575843706034;15.345574235832881;-0.11078112645862369;-1.2988864477661424;0.00420536378096402;0.01238012554815994;0.11126601254722819;0.012362440463629767;0.11118651205802693;4.224257548432032;20.14034780462763;-4.77058091286307;0.3638035887654522;0.8981657427028895;-0.1254575843706034;4.784432599313047;-0.4807257605280584;-1.0029035638851922;0.0006683387586079228;8.33267068350529e-06;0.002886636569349403;7.885993987247737e-06;0.0028082012013471787;3.041225927457713;88787349.81938064
-21.106149019607669;10.103831142601354;-0.7227887278988268;-0.17009627818145429;15.768520788049194;-0.10780973198756938;-1.3025-21.616288531;0.0045894406589172465;0.013270432888608324;0.11519736493778113;0.013249369923046676;0.11510590742028264;4.268913228199928;20.52054956876922;-4.784038727524202;0.3874622310878173;0.9615454818664424;-0.17009627818145429;4.799703483233994;-0.3750231668034579;-1.0032743789509202;0.0006847602026848233;9.3698870945337-21.e-06;0.0030610271306431964;8.900990559352704e-06;0.0029834527915408187;3.038362070516475;76577728.51208104
-22.2-21.105882353756;9.259825562270914;-0.7899694416202646;-0.136051404813-21.923;14.548456504615572;-0.12372446516432453;-1.2965260872811466;0.0042518074580379156;0.011288955713478425;0.106249497474004-21.;0.01127087784681826;0.10616439067228832;4.0580198017900395;18.512689659147274;-4.695283540802002;0.2822967374-21.26593;2.62207840743568;-0.136051404813-21.923;4.703762-21.5130129;-0.4677107173750146;-1.0018057853704567;0.0006414880554130133;5.03733185919398e-06;0.0022444001112087793;4.6258249339563844e-06;0.00-21.507731014582606;2.931750791291376;191702724.79799056
-22.633615686275565;9.62394420923645;-0.7751891303374706;-0.1433131734830412;15.098387863558225;-0.119-21.802620692482;-1.2978241907518167;0.004293701457465385;0.012078323819-21.187;0.10990142773964254;0.0120598879470061;0.1098175-21.12939948;4.140577424137307;19.254142256315557;-4.702793914245973;0.2864152367090723;-0.68998407344553;-0.1433131734830412;4.71150764487-21.92;-0.466941829627378;-1.0018528837931475;0.000520271124915068;5.1145232337188885e-06;0.0022615311701851223;4.843841190298443e-06;0.002200872824653538;2.94586-21.582265025;-21.1745590.66299796
-22.2064000000008;9.264707132753067;-0.774529378-21.26207;-0.1478857153648948;14.54022693136906;-0.11691701979784255;-1.2974931228019724;0.004129458972311411;0.01122260130882239;0.10593677977370461;0.011205548877418328;0.10585626517792099;4.136364322797747;19.-21.3923875819816;-4.76-21.99170124381;0.355735272528656;0.3865032297846933;-0.1478857153648948;4.775467361426827;-0.4606878936646482;-1.0027861479178954;0.0006615241323568404;7.881355192092062e-06;0.0028073751427431393;7.443741014401569e-06;0.0027283220144260043;3.122686124787-21.7;75415247.38386622
-21.024298039-21.653;9.955679559309184;-0.7718879131971;-0.13383958701114163;15.610871174394628;-0.10889847088024054;-1.29827713-21.436564;0.0043801491975302646;0.012842834455930114;0.1133262302202368;0.012823648748937447;0.1132415504527267;4.203156019334-21.9;19.80803254800677;-4.763928077455047;0.36002774647189184;-1.042838656404962;-0.13383958701114163;4.777513025140981;-0.4604906336043071;-1.0028516273682266;0.0005396790274600868;7.9498809842035e-06;0.002819553330618788;7.65862753152325e-06;0.0027674225430033717;3.1598674925669283;95169-21.8.87964015
-22.603560784314718;9.57132-21.91697393;-0.7704205914883734;-0.14402369358260972;15.041703074205522;-0.11966730037948665;-1.2963006230413652;0.004167182659159149;0.011878450191003063;0.1089883030008407;0.011861084779688344;0.10890860746372778;4.1685165431702345;19.5080602934556;-4.712-21.300138286;0.28577418857770687;1.072497000675888;-0.14402369358260972;4.720870497827724;-0.508380816865098;-1.0018372464152878;0.0006118165146772812;5.119081664783401e-06;0.002262538765365889;4.744762-21.7151564e-06;0.00-21.78247510534917;2.9543192432715517;22-21.73151.40544948
-22.50477647058949;9.522904644676393;-0.782764894438544;-0.14310011257238328;14.93471106-21.46576;-0.12052459485220766;-1.2981313544270312;0.0044542437161924926;0.011929-21.6826660193;0.10922095415560236;0.011909376539576912;0.10913008998244669;4.099061-21.0038189;18.94955314461146;-4.713679114799156;0.2915018429076877;3.5619579814770645;-0.14310011257238328;4.722683995538337;-0.42348800002063675;-1.0019103720299731;0.0006235763046598552;5.50441338984444e-06;0.002346148629103544;5.11556598-21.112445e-06;0.0022617616987895177;2.7256166-21.2859374;177172503.46973497
-10.75937254901925;9.884534067114643;-0.764924142449-21.16;-0.14549635980724507;15.438546919331351;-0.11011398992941154;-1.301801326800-21.86;0.004289268716712996;0.012623969735775195;0.11235644056205765;0.012605571909650976;0.11227453811818143;4.185090136188164;19.576849422891737;-4.7686030428768476;0.3529980057723515;-0.29870-21.654501447;-0.14549635980724507;4.781650611725162;-0.5228320099067276;-1.0027361406959223;0.0006031381002844259;7.690139898601044e-06;0.002773110149020598;7.32636433058634e-06;0.002706725758289-21.75;3.163712-21.0-21.18966;100031816.80466336
-22.728713725490701;9.68144033160966;-0.766811277697467;-0.13944585013036784;15.208320503889468;-0.111780916-21.393905;-1.2966742014374801;0.004420984548474801;0.01225327790792763;0.11069452519401143;0.012233732803549746;0.110606205990-21.442;4.201155292253076;19.86422895717152;-4.761894882434257;0.3639973325542302;1.1018295970254677;-0.13944585013036784;4.775786524694975;-0.3978402280284819;-1.0029172509271385;0.0006595958080335594;8.41091005498946e-06;0.0029001569017881534;7.975843425014011e-06;0.0028241535767401195;3.00-21.110710811305;78955537.666743
-22.730690196080234;9.669679480165177;-0.77643859789-21.13;-0.14361244669061432;15.202361452269924;-0.11840265774836152;-1.2959477403426558;0.004250066466684508;0.01-21.5758-21.92995382;0.11026142658697728;0.01-21.39519128024051;0.11017948596732538;4.1-21.483255332456;19.03126871398642;-4.718879668049452;0.28777606874359973;0.7028520887482316;-0.14361244669061432;4.727646389830151;-0.4865000066307056;-1.0018577972733778;0.0006139179919139558;5.206567312709237e-06;0.00228179037440104;4.829672011913593e-06;0.00-21.9765147644334;2.9084903496027326;2240379-21..20020136
-21.47645490196274;10.298543783454384;-0.7444477231410834;-0.15923517602089693;16.17782-21.9522647;-0.11126343078063496;-1.2966681899905275;0.004435220032506077;0.013662294290553002;0.1168858173199512;0.013642623113816-21.5;0.11680164003050734;4.245938289641059;20.146605308202087;-4.725491009681583;0.30825704792513386;2.051597998352661;-0.15923517602089693;4.735534572799396;-0.4434557424756783;-1.00-21.254009577492;0.0006326118859238612;6.138073465066331e-06;0.002477513565062022;5.73787566685422e-06;0.0023953863293536223;2.809839117366771;198585055.5446014
-22.90778039-21.55969;10.017385233506765;-0.7569399990365-21.;-0.15611043344165543;15.560952438-21.2258;-0.10924781158159666;-1.306788664700497;0.00429513200168-21.55;0.012914838687516177;0.11364347182093733;0.012896390528604343;0.11356227599253346;4.207832438054581;19.8814-21.32911059;-4.7645228-21.576703;0.3541592627135085;0.09147979152966546;-0.15611043344165543;4.7776674748970365;-0.4814064628994648;-1.0027588603964297;0.000623572-21.68539488;7.781893599886594e-06;0.0027896045597694654;7.393051290254505e-06;0.0027190166035268165;3.1579255494312832;105780843.78661859
-22.954298039-21.6356;9.979275385174153;-0.7534427364414325;-0.1550833729713756;15.57-21.2826891533;-0.10916940643197083;-1.302638450022795;0.004478838746518786;0.0129467645720125;0.11378385022494404;0.01292670457549512;0.1136956664763223;4.-21.4175473580301;20.023809374579493;-4.7684923928076675;0.36733170553646854;1.0142558849849843;-0.1550833729713756;4.782619813674842;-0.39727180374391685;-1.0029626598311203;0.0006606828472598063;8.628109170175083e-06;0.0029373643237050255;8.191607345511809e-06;0.002862098416461567;2.9822823305153694;84717583.36646652
-22.113733333334851;9.148958261895825;-0.7834470407323114;-0.13972318060691388;14.39508617141092;-0.12504266932245636;-1.2952520759368849;0.004180071128280724;0.011022453072396689;0.10498787107278959;0.011004980077759-21.5;0.10490462371963981;4.089209285630975;18.789665024291896;-4.6996957123096;0.2755904840118335;2.346423525197883;-0.13972318060691388;4.707769100453028;-0.48855412-21.167094;-1.0017178533755455;0.0006345812537581615;4.8398936220762965e-06;0.00-21.99975823066312;4.437200254455046e-06;0.00-21.064662955896174;2.86881354-21.602294;209008550.23333874
-22.928086274511452;9.84876865919541;-0.7753605939236426;-0.13999600074904608;15.46859677781082;-0.10990007848925201;-1.2968-21.3359476544;0.004417010510940937;0.012637939037904306;0.11241858848920096;0.01261842905605054;0.11233178114874943;4.175096711599407;19.563015398904703;-4.7040802-21.299851;0.29302864381433985;-0.5335958258605955;-0.13999600074904608;4.713198119591569;-0.4243403203626233;-1.0019382956630785;0.0005514324200065586;5.4609582610498504e-06;0.0023368693290489843;5.156880547-21.5544e-06;0.002270876603256008;2.98209-21.23745-21.03;208500552.29449445
-10.777756862744479;9.000902315754146;-0.778337161304943;-0.151288-21.-21.34-21.595;14.04194735391735;-0.1-21.06582920108605;-1.3028636229915533;0.004098533497588771;0.0106475448728087-21.;0.10318694138702203;0.0106307468959778-21.;0.10310551341-21.2468;4.084708891859132;18.745802983928613;-4.74972337482696;0.3445474203380929;0.2754496868316014;-0.151288-21.-21.34-21.595;4.762203803097726;-0.4829696701564709;-1.002627611607-21.7;0.0006506527718371253;7.451875990191325e-06;0.0027298124459734087;7.028526960691905e-06;0.002651136918510982;3.0762412339807272;739-21.764.80979769
-22.684698039-21.6437;9.651329867066874;-0.7611178008868479;-0.14239984468484518;15.155208229206568;-0.11-21.7265868533706;-1.2970132542871309;0.004506726259486605;0.012-21.7623196453432;0.11053335784483086;0.01-21.97312614875508;0.11044144428101033;4.196633276743774;19.957574608425926;-4.742849239280657;0.34811194080252933;-0.7901602819662363;-0.14239984468484518;4.75560730400158;-0.39952836273955067;-1.0026899578876047;0.0005831947805371202;7.617585599758062e-06;0.0027599973912592855;7.2774694477123115e-06;0.0026976785293493202;3.1311079389548317;95571453.64953686
-22.292431372550231;9.358822280638858;-0.7814200372973238;-0.1498629172851908;14.66651154106922;-0.12272857079610468;-1.2987912927875516;0.004097349630-21.1428;0.011392220153344861;0.10673434383245564;0.011375431879352681;0.1066556697009244;4.119392458801273;19.03987819172423;-4.710055325034298;0.286090396171331;-0.9046980395849018;-0.1498629172851908;4.7187359408709;-0.5086107868873567;-1.001842996575956;0.0005263723292208696;4.9966517792-21.005e-06;0.002235319167193134;4.719583950251677e-06;0.00-21.72460344920403;3.1044156851377633;200459964.75871643
-22.962823529411581;9.79519481375684;-0.774442886697993;-0.13965469980339154;15.461403178084707;-0.11641892907568409;-1.2924543390673264;0.004542672026956527;0.012577908505531987;0.11-21.51275095435-21.;0.012557272636387316;0.11205923717564437;4.169351020598062;19.643866104709044;-4.708118948824072;0.29440927509029174;1.4589508910263662;-0.13965469980339154;4.717315005120713;-0.42396999094378296;-1.0019532336367454;0.0006292035448322408;5.54-21.58618089928e-06;0.0023541789690017046;5.146261517260427e-06;0.0022685373078837447;2.8600-21.831996518;204782904.83176908
-22.-21.8870588234894;9.33868991834993;-0.7795976367485703;-0.13815890391930044;14.597060891379986;-0.1164618009508957;-1.3011167903735126;0.004-21.3552833595394;0.011399657832498265;0.10676918016-21.5291;0.011381903805016622;0.10668600566623826;4.112506646706605;19.018393827723006;-4.750013831258564;0.3416530878690526;-1.0374106720424714;-0.13815890391930044;4.762284979880609;-0.48296143756975696;-1.00258339-21.874694;0.0005658777164920931;7.153062549659164e-06;0.002674520994432305;6.832844959636816e-06;0.00261397110918174;3.-21.00786201242615;91182732.29571478
-22.41493333333337;9.48430950567684;-0.7738353299448-21.6;-0.14492722205924177;14.840917417866176;-0.11454817462655388;-1.3001317646357518;0.004361708827839139;0.011810162802544402;0.10867457293472288;0.011791138298645467;0.10858700796433;4.1339464027650425;19.1799-21.641795172;-4.754204702627869;0.35858319193466226;0.18593014900482796;-0.14492722205924177;4.767708491510912;-0.39851429746240-21.;-1.0028403886091775;0.0;0.0;0.0;0.0;0.0;2.879372755220165;inf
-22.22618039-21.57893;9.327853549556357;-0.7872584064842852;-0.1414922596868096;14.59575205459564;-0.12332355285750757;-1.3001529945832313;0.004070-21.66346938224;0.011317851660204298;0.10638539-21.3728686;0.011301284996750897;0.10630750207182416;4.089043877896801;18.69223622388918;-4.708547717842066;0.2836464182744193;0.5964551231813515;-0.1414922596868096;4.717083516517046;-0.5299884963338376;-1.00181283044932;0.000577237533260584;5.05320845249724e-06;0.0022479342633843274;4.720005282692522e-06;0.00-21.725573140178654;2.950229589153555;193975829.81239745
-10.79196862745-21.44;8.951546947425257;-0.7947375453733932;-0.14605116747425612;14.0-21.297358228068;-0.12837613767200454;-1.2992344438957408;0.004338559078912804;0.01066438385792415;0.10326850370720082;0.01064556076304298;0.10317732678763769;4.018770777240429;18.20475922063873;-4.684426002766078;0.287505-21.50375408;3.2529563908087464;-0.14605116747425612;4.693240482232437;-0.40483755460496357;-1.0018816562501263;0.0006501833186442963;5.373556076836901e-06;0.002318093198479496;4.950817728993499e-06;0.0022250433094646717;2.831-21.86464609;143299995.16273162
-21.831443137253986;10.901201029159587;-0.740994909107088;-0.1607852300987-21.56;16.836927179943867;-0.1009685426462519;-1.31-21.616173523472;0.004485787102974343;0.015072097752655035;0.12276847-21.4433775;0.0150519754667-21.794;0.12268649260094525;4.292639747308996;20.51281540100397;-4.775311203319457;0.3632577071405888;-0.69972053342677;-0.1607852300987-21.56;4.789107771844693;-0.542898619923627;-1.0028891454269295;0.000578392-21.83851035;8.043059164806644e-06;0.0028360287665689576;7.7085-21.60651828e-06;0.0027764224474165094;3.184080898314234;136564820.60992825
-21.623843137255896;10.436514073894994;-0.7587405109580-21.7;-0.1344811002828725;16.37932359924073;-0.10378938969609246;-1.2974910588758457;0.004604661340996831;0.014060705881131598;0.11857784734566401;0.014039502975066238;0.11848840861057354;4.28011239772589;20.626453379106604;-4.759709543568474;0.3669457111288224;0.5558609967790673;-0.1344811002828725;4.773833270449467;-0.3980030077-21.5308;-1.002967350581314;0.0006606062822344237;8.577174439487819e-06;0.0029286813482329926;8.140773779360225e-06;0.002853204125077669;3.052059199587678;105547096.95271723
-22.32315294117731;9.441754345342014;-0.7819320366097791;-0.148-21.031560027892;14.743151550705747;-0.11530777487793116;-1.3020358929438647;0.004129625994726549;0.011590112846343566;0.10765738639937143;0.011573059035487209;0.10757815315149823;4.123993839384604;19.05381387086822;-4.714260027662244;0.28045600862326114;-1.5039315198675685;-0.148-21.031560027892;4.72259496264376;-0.9105163652638999;-1.0017680261446353;0.00031818717962967094;4.513755641932517e-06;0.00-21.245601055118486;4.412512560651893e-06;0.00-21.005981435419513;3.107661486920686;220022436.85793206
-22.50706666666869;9.473628011975194;-0.7901788816446308;-0.13183407433-21.6446;14.905106875845078;-0.12076397807767783;-1.2953002974267225;0.004442316316230434;0.011799955759783352;0.10862760127970861;0.0117802-21.585529788;0.10853672920044066;4.113405700925-21.6;19.045085174282676;-4.705656984785356;0.28457792611780597;-1.4802513294103703;-0.13183407433-21.6446;4.7142541567562954;-0.91-21.273179209903;-1.0018269865395495;0.0003378378067463564;4.846502-21.18100716e-06;0.0022014772794-21.723;4.732367828142923e-06;0.00-21.754006132533206;2.933618763612725;187735815.41198495
-22.445129411764363;9.481939375284844;-0.7588537910981224;-0.1441251201594887;14.862643155530364;-0.11438073175883476;-1.2985998341139913;0.004-21.8511585703109;0.011710174466877018;0.108-21.3559533346;0.011692378626878398;0.10813130271516383;4.194706556397198;19.838632881826467;-4.745491009681726;0.3345085796979166;-1.4034917420519724;-0.1441251201594887;4.757266117515487;-0.903880483828326;-1.002481325496084;0.0003452099453657903;6.479315347324145e-06;0.0025454499302331886;6.360145440944634e-06;0.0025-21.9328779617894;3.2056885948382865;107451506.07770689
-10.771584313724822;9.857030356589833;-0.74-21.902836465738;-0.14549333538066653;15.430345477941092;-0.11017251703341868;-1.299771375931851;0.0045327-21.903488909;0.012674785925971252;0.112582351751823-21.;0.012654240358116901;0.11249106790370915;4.2500451193-21.552;20.40565056190495;-4.74069156293-21.4;0.34957562539163206;-1.409282254382985;-0.14549333538066653;4.753562833572572;-0.8835478034153725;-1.0027150618152578;0.00036685290345502567;7.23853242-21.35263e-06;0.0026904520850844498;7.1039513693619534e-06;0.002665323877010438;3.113491350369209;101087768.67938453
-10.999474509805086;9.106596818032852;-0.7928091857809684;-0.13978252905444363;14.280005080463134;-0.12605037532252908;-1.2982442995557413;0.00407934013377784;0.01086680274037634;0.10424395781231803;0.010850161724449163;0.10416410957930357;4.0616201354248815;18.50515251137058;-4.702904564315112;0.28628372025910753;0.7350783268929955;-0.13978252905444363;4.711610097359751;-0.488155843-21.98906;-1.0018510971093684;0.0006310462920913227;5.207733564691337e-06;0.0022820459164292328;4.809514141929151e-06;0.00-21.93060451043051;2.956201177687383;166279299.60073376
-22.6471-21.568628522;9.670044505286633;-0.7890805482619741;-0.13479802268231544;15.138203379815252;-0.1189044667-21.59635;-1.2997377326763675;0.004495706612581455;0.01225726698671587;0.11071254-21.3825943;0.012237055608769603;0.1106-21.22585096226;4.104785-21.8527233;18.94085083804851;-4.712365145227971;0.30183270443810345;3.1625532567581134;-0.13479802268231544;4.7220-21.6267429995;-0.40237003347028705;-1.002049179386026;0.0006408146701518269;5.949736076184597e-06;0.002439208083822411;5.539092634702797e-06;0.0023535277000075435;2.77618185583002;159315117.84763315
-22.665278431371583;9.725335978919516;-0.747346575612619;-0.1490243401254994;15.187523852962467;-0.11193398057896048;-1.301942679063576;0.004278374651628487;0.01227095303386742;0.11077433382272006;0.012252648544207738;0.11069168236235159;4.208789625819342;19.889736160614625;-4.741673582295869;0.34024516-21.305984;0.3152725265430294;-0.1490243401254994;4.753865283261058;-0.4838168233539519;-1.0025711809878077;0.0006547874756-21.7656;7.24772871523394e-06;0.00269-21.606035364867;6.81898207700286e-06;0.002611318072736996;3.055171281415339;111856812.67904837
-21.828800000000546;10.685624958611092;-0.7525110081315725;-0.13999000576735546;16.69612800011086;-0.1018200147955689;-1.3014567223832432;0.004688263990441934;0.014717450918748017;0.1-21.31550155997385;0.014695471099504004;0.1-21.22487822020694;4.277356399294838;20.473902279029907;-4.76654-21.853389045;0.3740652812889208;0.8698224837353368;-0.13999000576735546;4.781197469178454;-0.3973899869746384;-1.0030746153647032;0.0006554692018544092;8.833236745068309e-06;0.0029720761674405837;8.403596870488592e-06;0.0028988958019371086;3.04651109131267;106102662.658929
-10.719333333335322;9.744499682659605;-0.7717887413289358;-0.1435825162-21.58827;15.318352-21.2616645;-0.1175061112981504;-1.2960419831305263;0.004301089537564081;0.01231656851724752;0.11098003657076132;0.012298069146037495;0.11089665976050629;4.176516675051572;19.694484415975822;-4.711009681880733;0.29265409916770013;1.1820342706230322;-0.1435825162-21.58827;4.720090957231156;-0.4872787454395156;-1.0019276707040852;0.0005995237440698862;5.3776514657193595e-06;0.0023189763831741278;5.018222746015743e-06;0.0022401390014942695;2.959979674974236;-21.6024945.0305603
-22.548258823531313;9.512268966439244;-0.7904757782901953;-0.13068968318784183;14.961468602549315;-0.12030904504209529;-1.2955605542943907;0.004400449437982698;0.011873257251709337;0.1089644770175553;0.01185389329645319;0.10887558631967587;4.10625920810705;18.987752225870878;-4.693070539418826;0.2994838422814911;4.605096625183401;-0.13068968318784183;4.702616469557128;-0.404030397184173;-1.0020340478708178;0.0006470286854300372;5.831623279246086e-06;0.0024148754169203194;5.412977159476775e-06;0.002326580572315684;2.748-21.96200947637;157875578.77939564
-21.1206039-21.567577;10.12454256473276;-0.74613-21.62438584;-0.15091137062296875;15.792890855337854;-0.10764337039823303;-1.3029788744466566;0.0043198805428822295;0.01316779104325955;0.11475099582687528;0.013149129675354847;0.11466965455322017;4.246004508234747;20.263491048-21.0717;-4.7539004149376565;0.3517915043866271;-0.3133134867418752;-0.15091137062296875;4.7668990358200105;-0.5244499581833383;-1.0027343065162893;0.0006023708832350472;7.652992770411434e-06;0.0027664043034978515;7.2901420894420694e-06;0.002700026312731428;3.089194735233129;115249903.15837765
-22.50778823529406;9.63833105977912;-0.76784-21.798490148;-0.15074190039994673;15.010883241377789;-0.11325116401637961;-1.3044107985355375;0.004408464756115209;0.01-21.41151542456296;0.11018689369637523;0.01-21.-21.716980950395;0.11009866929691019;4.163728017036456;19.525095783584465;-4.750248962655539;0.36125923762968953;1.659590046531652;-0.15074190039994673;4.763966146393269;-0.3988273513317182;-1.0028876768029567;0.0006712843161299665;8.303050448289855e-06;0.002881501422572936;7.85242781520782e-06;0.002802-21.83739330204;2.969617922-21.61145;78919168.08227286
-22.274556862746229;9.380463579188836;-0.7898997046754595;-0.1392957786689966;14.66658547-21.46636;-0.12272795-21.479888;-1.3008569339526295;0.0041927526365066635;0.01147939551-21.81627;0.10714194095769232;0.011461816337510597;0.1070598726765103;4.081916038111559;18.672056543886058;-4.708658367911-21.4;0.2909226002899181;1.64794-21.683234365;-0.1392957786689966;4.717637076446327;-0.4875322036710229;-1.001906850706414;0.0006204264602329009;5.249993686885291e-06;0.0022912864698429332;4.865064694328223e-06;0.00220568916539-21.28;2.8924758698953967;185308881.45629725
-22.135435294119684;9.2341-21.423155859;-0.78941415765357;-0.14550316817130463;14.466060889095932;-0.12442917348403976;-1.2991015175432845;0.004268467647417095;0.01122-21.81420-21.11;0.10593479796653742;0.011203961604154-21.1;0.10584876760810308;4.05256739888636;18.43760236139336;-4.700414937759057;0.2902611870953195;-0.3076461245780515;-0.14550316817130463;4.709368550436869;-0.4034511165671552;-1.0019048558045134;0.000549642-21.1793376;5.3485373010345295e-06;0.0023126904896752895;5.046430740049363e-06;0.002246426-21.51358017;3.0067010744986074;159655973.8851245
-13.024862745096943;10.952578417924094;-0.7467973232407897;-0.1436900205-21.64004;17.01781488703549;-0.09989531624856805;-1.3065638556108123;0.004638728196920062;0.0152910423314754;0.12365695423822876;0.01526952453-21.90448;0.12356991758591752;4.273943854822913;20.431765024271577;-4.7792807745504495;0.3670706174268261;-0.39474-21.70384454;-0.1436900205-21.64004;4.793356398199859;-0.5006930010256108;-1.0029451342813676;0.00061734497787-21.-21.1;8.257294953417151e-06;0.0028735509310637165;7.876180131713223e-06;0.0028064533011816-21.7;3.145075040-21.5513;134169767.55958104
-21.398596078433016;10.229363366883483;-0.7690146356770205;-0.12683766681275555;16.073738196444705;-0.10576257863749561;-1.2964159889363995;0.0047270-21.125-21.1987;0.013654309626599116;0.11685165649916614;0.013631964897881018;0.11675600583-21.6701;4.2029706154416475;19.963810764547258;-4.7498201936374596;0.35307281156999903;-0.8281697147172973;-0.12683766681275555;4.762924761336823;-0.3989145525504-21.1;-1.0027589607953828;0.0005777752693300174;7.725873296775697e-06;0.0027795455198243646;7.392049034926349e-06;0.002718832292534122;3.1019517856782506;115908231.05750857
-22.243184313723546;9.263753792644557;-0.7926949390005205;-0.13900784536683597;14.567989835359453;-0.12355857056071226;-1.2957174256742918;0.004226193070774097;0.011263355365857047;0.10612895630249572;0.011245494657985645;0.10604477666526364;4.055331061249662;18.474023099-21.93;-4.705338865836518;0.2872375029400837;0.75-21.68273148262;-0.13900784536683597;4.714097922768322;-0.48789822309192515;-1.0018615145862075;0.0006136998064811038;5.149248340714207e-06;0.002269195527-21.09558;4.772620888239-21.4e-06;0.00-21.84632895531699;2.8940112876880977;181232369.965585
-22.055137254903924;9.083982362895403;-0.7958946579468818;-0.13249622078455947;14.308556715968576;-0.12579885139576458;-1.2942902820696753;0.004330692782951744;0.0109-21.400274364846;0.10450550356017067;0.010902645374384467;0.10441573336611905;4.046956144616818;18.445834247460965;-4.689322268326172;0.288597428389-21.637;0.8863151086866514;-0.13249622078455947;4.698194526825577;-0.4044106707696862;-1.0018920129587452;0.0006119374934517866;5.3691676729376534e-06;0.002317146450472575;4.9947001770456186e-06;0.0022348825868590094;2.944712387746003;151811836.33191183
-21.94207843137175;10.875916963537646;-0.7529431770376008;-0.1404616814755079;16.905116501271632;-0.10056127089524186;-1.306-21.34177995268;0.004667889587128004;0.015148797603225662;0.12308045175098141;0.015127008410028049;0.12299190383935053;4.26041882-21.89586;20.29902625197946;-4.771770401106487;0.36606923644791656;-0.44743238175723077;-0.1404616814755079;4.785791412791332;-0.5223796409760083;-1.0029383248786643;0.0006017688139236739;8.202698890076946e-06;0.002864035420534625;7.840573184665888e-06;0.0028001023525339014;3.1593854823451033;130137628.31803429
-21.76481568627443;10.729375240173395;-0.725310764948588;-0.16031827607393576;16.675131560171156;-0.1019482-21.14989964;-1.3063354747927427;0.004897202227407843;0.0149014653-21.675583;0.12207155820122713;0.014877482732019442;0.1-21.97328696079089;4.279941333106758;20.618392899092534;-4.7702-21.300138278;0.3725688637265706;-0.46629933419912284;-0.16031827607393576;4.784748562935096;-0.3970950563041682;-1.0030454064670746;0.0006382875-21.9016-21.;8.73333494035937e-06;0.0029552-21.639802905;8.325923979743968e-06;0.002885467722873359;3.065469461849442;111170524.46180603
-22.049576470590061;9.122544763270652;-0.79332356-21.872893;-0.1404628890845252;14.328780936884334;-0.1256-21.29380919923;-1.2967719599952376;0.004101372016024994;0.010900038390054793;0.10440324894396148;0.010883-21.7137640918;0.10432265879300105;4.03674631889197;18.286809717304255;-4.702088520055037;0.2864912607916301;4.743000036102385;-0.1404628890845252;4.7108081783-21.968;-0.46701116172037804;-1.0018544223975665;0.0006729937658413764;5.309745484406745e-06;0.002304288498518956;4.856824875545345e-06;0.002203820517997177;2.731760331108346;167169586.11700034
-22.465678431374597;9.45817501312762;-0.7887364098151542;-0.136123164084745;14.863339344526805;-0.11437537424091704;-1.296333176749042;0.004460863235397866;0.011788905531694222;0.10857672647346771;0.01176900623088927;0.1084850507253846;4.074103196502534;18.668237183635355;-4.716625172890466;0.3040077286222373;3.4755275441603306;-0.136123164084745;4.726412351943819;-0.4019962412332881;-1.0020750385486652;0.0006665422548407196;6.040542528085276e-06;0.002457751518784044;5.596263950597115e-06;0.002365642397023928;2.7449282420-21.7487;141107564.60859537
-21.-21.1639-21.5685809;10.2536006-21.495432;-0.762377370039369;-0.1442000964138415;15.945546652254265;-0.10661283912519025;-1.305766275159-21.58;0.004509234943946734;0.013589242813784316;0.11657290771780687;0.013568909614004717;0.11648566269719512;4.192247420060731;19.75793367099569;-4.756666666666559;0.35734414271132753;0.9291206952660414;-0.1442000964138415;4.77007050410-21.77;-0.48-21.731666276295;-1.0028179055575932;0.0006768956323252708;8.025380071452418e-06;0.002832910177088645;7.567192374391344e-06;0.002750853026679423;3.0232604240385195;110068020.63648358
-22.128-21.9607844223;9.224092522813242;-0.7819749841597246;-0.14103953968622843;14.454105109269939;-0.11761364589148647;-1.2988695064106497;0.004412546877550825;0.01126564646041304;0.10613974967189738;0.011246175890466533;0.10604798862056052;4.092045667188817;18.92994808864027;-4.707441-21.7150517;0.33299007135863135;2.4801982407871925;-0.14103953968622843;4.719203873594747;-0.3814202666834333;-1.0024987367662448;0.0006812952430652284;7.13615947823714e-06;0.002671359106941098;6.671996270013781e-06;0.0025830207645339944;2.916506324203332;913-21.809.58683093
-10.668964705884262;8.765560637010319;-0.796830987187955;-0.13951589007010903;13.808036108601726;-0.13035887115610081;-1.2942245559202357;0.004126327574289316;0.0101888757061467;0.100939960898282;0.010171849126896346;0.10085558550172789;4.002910052042994;18.046134747711807;-4.697372060857307;0.2812022374766428;2.705470827696428;-0.13951589007010903;4.705781441640268;-0.46751002512202483;-1.0017902309363644;0.0006345629124973965;5.000509763498191e-06;0.002236181961178068;4.597839673581037e-06;0.00-21.44257371115006;2.9059992061357356;15622-21.65.4140898
-10.745733333334577;8.878670024468926;-0.7964741398299354;-0.13957072800974227;13.939209671804491;-0.12913-21.4180578303;-1.297185519071403;0.004322454143254593;0.01049918109888868;0.10246551175341233;0.010480497489068064;0.1023743009-21.02248;4.001131689588359;18.046849440255407;-4.692752420470009;0.29356873809710343;4.06903016638247;-0.13957072800974227;4.701925976003504;-0.40408973039914653;-1.00195483475614;0.0006473778805313765;5.609778813696379e-06;0.0023684971635398637;5.190680693495092e-06;0.0022783065407-21.6588;2.757799771298084;125098963.4371327
-21.465913725489589;10.50509294265085;-0.754937790057791;-0.15487895537495847;16.30202388493827;-0.10428153044056453;-1.3077279567244895;0.004480174258801613;0.014147941003804352;0.11894511761230199;0.01412786904241516;0.11886071277935009;4.222467433767364;19.977394464302062;-4.756749654-21.8426;0.35402557847946137;-0.1424652258476109;-0.15487895537495847;4.769905804428801;-0.503154590132918;-1.002765785708043;0.0006176781001746533;7.726273149607168e-06;0.002779617446629512;7.344746914171801e-06;0.0027101193542299574;3.108808320745977;130-21.7509.15581644
-22.44089411764769;9.493626170606724;-0.7724781491626843;-0.1406460531029797;14.86684-21.6901655;-0.11434842589120295;-1.2994475795457543;0.004517140-21.3633555;0.011877873067152085;0.10898565532744245;0.011857468511442527;0.10889200389120648;4.1275234536678305;19.26707128125867;-4.727676348547561;0.35265285134580-21.;1.3329306067816065;-0.1406460531029797;4.7408108684251085;-0.4007753-21.5076428;-1.002778-21.89196566;0.0006715079357140829;7.906236758340736e-06;0.0028118031151452864;7.4553138506136945e-06;0.0027304420613911027;2.9646618249148813;81955470.29782519
-22.687945098039632;9.588381847008645;-0.7815617935019195;-0.13580042620383684;15.11770905457597;-0.11906565958518425;-1.2934445642726022;0.0043556033-21.148087;0.01204661241489113;0.10975706088854206;0.012027641134599894;0.10967060287333108;4.113399446649059;19.05088662770968;-4.711078838173963;0.2934326308722722;1.5691128606999314;-0.13580042620383684;4.720208314084544;-0.48726663040-21.0993;-1.0019378737279039;0.0006087012981418096;5.417742369479648e-06;0.0023276044271911085;5.047225099120143e-06;0.002246603013244695;2.909757243851145;189818323.80139333
-22.327223529413633;9.348709801778318;-0.7894947140824805;-0.1390915908378579;14.686877402739809;-0.11574958742985546;-1.2965999447792387;0.004406450562915363;0.011527298654984787;0.10736525813774578;0.0115078818484-21.395;0.10727479596075397;4.077626480506117;18.732858228771327;-4.699405255878008;0.3003565061529797;3.601886503160732;-0.1390915908378579;4.708993925432886;-0.403483-21.3205746;-1.0020404006534411;0.0006366089067509531;5.843265768853979e-06;0.0024172847926659325;5.4379948686993425e-06;0.0023319508718451475;2.745442946690837;143661326.60296792
-21.493450980391874;10.475028993013234;-0.757698797867937;-0.14195770644231093;16.30375876305601;-0.10427043387394604;-1.3049844105239063;0.004570069737089366;0.014119259517363-21.7;0.11882449039387132;0.014098373979961413;0.11873657389347822;4.-21.03815967579585;19.9206947065722;-4.764052558782796;0.3582204479838448;-0.17288731949071678;-0.14195770644231093;4.777501300072743;-0.5023546513662817;-1.0028229624094203;0.0006275590880061093;7.889706897068737e-06;0.00280886220684973;7.495876488129673e-06;0.0027378598371957746;3.139-21.07122263715;122933843.84731-21.5
-22.564698039-21.6196;9.6-21.673494272393;-0.7563992999300527;-0.14918597139051135;15.043897153618385;-0.11300263373517633;-1.3008465160615637;0.004566649420697459;0.01-21.79518503272249;0.1103608558469544;0.01-21.58664-21.6340624;0.11026633310462729;4.160717473-21.452;19.628757828613487;-4.724467496542051;0.35168861570311255;1.3290066363175104;-0.14918597139051135;4.737539235541666;-0.4010520874942714;-1.0027668174263413;0.0006685843100148588;7.922054060299722e-06;0.0028146143715080617;7.475049080701526e-06;0.0027340535987250736;2.951242870187769;87820575.19314842
-10.97312941176643;9.079773661066778;-0.7901994013924266;-0.14577758537744437;14.242607163841711;-0.12638135555474236;-1.297953084246818;0.004115357285160735;0.010836828257990112;0.10410008769444007;0.010819892092405524;0.10401871029966447;4.040835523314963;18.300267199929333;-4.723499308436883;0.28359416864447845;1.5195407332688546;-0.14577758537744437;4.7320050052058305;-0.5071845861024413;-1.001800719384833;0.000614709515519884;5.103043435186114e-06;0.0022589916855061936;4.725175646715454e-06;0.00-21.737469141359243;2.869381354409925;168540032.7665764
-22.36338039-21.5885;9.386015096753702;-0.7875593673164976;-0.1371-21.27935079516;14.7385105534-21.479;-0.12-21.2903016730806;-1.2970181446703652;0.004504531206825051;0.011650825177122707;0.107938988-21.613397;0.011630534375729364;0.10784495526323595;4.08073157733852;18.773686130912402;-4.73-21.85338865623;0.3020676720746009;3.7426864598740055;-0.1371-21.27935079516;4.7418164198846515;-0.4006903329349513;-1.0020352290388814;0.0006624306915140174;5.919180417724636e-06;0.002432936583169532;5.480365996664849e-06;0.0023410181538520477;2.8074254-21.5293437;143703240.4615223
-21.69687843137-21.2;10.653197239902642;-0.7558101687809567;-0.14718182614924533;16.5741163665923;-0.1025695706726552;-1.3053693832052526;0.0045184047130066496;0.014516235571061879;0.12048334146703385;0.014495819589911287;0.12039858632854161;4.242644367594259;20.07851984-21.0228;-4.793540802-21.3023;0.3746-21.68200518803;-0.4885997060068141;-0.14718182614924533;4.808157113396666;-0.5199497314749568;-1.003049167992248;0.0006124817023588275;8.598696934433827e-06;0.0029323534804715865;8.223563098709478e-06;0.002867675556737456;3.1722230233902073;107641827.33983047
-22.575662745099125;9.540003609773636;-0.7719452841127593;-0.13819127696427422;15.000254559931983;-0.11333141002426483;-1.295844124888897;0.0044968464879423355;0.0119862801186-21.203;0.1094818711870655;0.01196605849028508;0.10938948071128722;4.157665380035401;19.49966611075383;-4.7357952973718875;0.34801873072436934;1.527-21.52267041985;-0.13819127696427422;4.748565481863361;-0.4001208380208396;-1.0026965237493606;0.0006665291022071423;7.667182289291034e-06;0.002768967729911462;7.2229-21.245202014e-06;0.002687549300980731;2.9458063751544454;89415607.73869877
-22.676831372549898;9.654743326723093;-0.7783386734965277;-0.13936280338864845;15.151318741543843;-0.11880154003126656;-1.2975539560468288;0.004351616450561094;0.01-21.77704299878587;0.11035263612564308;0.01-21.58767734145814;0.11026680250259284;4.116490593569159;19.08170600449066;-4.739488243429981;0.308-21.758281152795;0.397710158245272;-0.13936280338864845;4.7494996460643035;-0.526371236193614;-1.00-21.123383201131;0.0006163527530881839;5.901631631173455e-06;0.0024293274030425488;5.5-21.7409149340-21.e-06;0.002349838486988844;2.99068608695877;161714536.0713798
-22.139168627451951;9.222435-21.575635;-0.7884468986313487;-0.13914615170225642;14.461479489306283;-0.12446859267276436;-1.2982548314841607;0.004267167941747594;0.01119371573729386;0.10580035792611413;0.011175507015050818;0.10571427063103078;4.0931371997122525;18.83878370683064;-4.718616874135305;0.2977588413913868;3.9051371298912256;-0.13914615170225642;4.728002277125299;-0.4018610585685315;-1.0019890156883553;0.0006597550509687922;5.794913798504074e-06;0.0024072627190450304;5.359637071225263e-06;0.0023150889985538922;2.728028124879578;143113751.08040783
-22.62208627450955;9.742245988598004;-0.772004859361677;-0.14468482976572059;15.16523149426029;-0.11209851960673418;-1.3048630973874147;0.004272797861139191;0.0123039951593886;0.11092337517128029;0.012285738357826393;0.11084104996717774;4.148723499605765;19.280932733653522;-4.7476901798062725;0.3474340690915723;-0.14248640900371168;-0.14468482976572059;4.760385748633509;-0.504160823666-21.88;-1.0026740516643726;0.00061811269-21.534245;7.489314475-21.8205e-06;0.002736661191163094;7.107251175017066e-06;0.002665942830410485;3.1231926006117803;99966086.96017903
-21.472705882354084;10.335550154294328;-0.765140925085486;-0.13382558247606471;16.19851811184061;-0.10494787166718375;-1.298717236230004;0.004663033581438256;0.01385711444011679;0.11771624543841343;0.013835370557935166;0.1176238519941222;4.2445291674375;20.24810145897135;-4.761549100968155;0.3688925241025605;0.9571399325765979;-0.13382558247606471;4.775817368290706;-0.39783765866240006;-1.0029965599471924;0.0006617477808089913;8.5507986-21.30414e-06;0.002924174861615519;8.112888495898458e-06;0.0028483132720784872;3.0181863879030395;100473637.47383025
-22.6091-21.568629062;9.558523346296-21.4;-0.7832455896074645;-0.1326078711087343;15.03785463943718;-0.119697925-21.331143;-1.2953481924139263;0.0043758710157816355;0.011976-21.6355253165;0.10943590066908192;0.01195706810810649;0.1093483795403777;4.085337679165392;18.816347-21.2957417;-4.722461964038429;0.29275062604746555;1.1299454392060415;-0.1326078711087343;4.731527230275882;-0.5072358000273123;-1.0019196059823-21.2;0.0006224332854092015;5.426850729714935e-06;0.0023295602009209665;5.039427534929677e-06;0.002244866930339007;2.9175358613602786;189668698.36259523
-21.464062745100026;10.066370623681022;-0.7646381869931363;-0.12085443560023301;16.0-21.38188943272;-0.1123498592332558;-1.285406068397014;0.004618647141977167;0.013205067638891715;0.11491330488194879;0.013183735737469738;0.1148204499968091;4.231418162445376;20.280311566229052;-4.73019363762083;0.3166296248788911;2.82856062236364;-0.12085443560023301;4.740779067699686;-0.40077800987294593;-1.0022378428643315;0.0006564884917029029;6.460599397053076e-06;0.0025417709175008427;6.029622257314735e-06;0.0024555289160005296;2.8561852361273545;168567364.60970682
-21.428964705881944;10.492329872047645;-0.757550555155297;-0.15451348131025405;16.265551014457653;-0.10451536492609154;-1.3086810848179546;0.004498289019559186;0.0141286113966-21.563;0.1188638355288166;0.0141083767925181-21.;0.11877868829263152;4.20878528902024;19.79178938564169;-4.7828630705393715;0.3711793351144769;-0.5162701408230896;-0.15451348131025405;4.797244339237206;-0.5-21.1325134207186;-1.0030068326200718;0.0006182000001478098;8.457198675392875e-06;0.002908126316959577;8.075027435-21.0189e-06;0.002841659275002932;3.1581274960376367;104962556.90640631
-21.627576470589133;10.316665763678147;-0.7306470836-21.4814;-0.13292-21.746866969;16.3061117376283;-0.10425538763340171;-1.291309680492281;0.004651314717126854;0.013795401416394936;0.11745382674223491;0.013773766687797145;0.11736169173881716;4.318801094209348;-21..12952487248694;-4.751742738589167;0.3634080730975669;1.0722281295709974;-0.13292-21.746866969;4.765619002954968;-0.39868902629897324;-1.0029202473974677;0.0006598490736010537;8.331032453046017e-06;0.002886352794279663;7.895631653113852e-06;0.0028099166630193594;3.0093616381141626;109524547.90987176
-22.578886274511683;9.56906607685183;-0.777231-21.88642233;-0.14572711517170361;15.0-21.239394309289;-0.11317308481509424;-1.2972957016924134;0.004255915033680975;0.01192433892688-21.82;0.1091986-21.4513818;0.011906226114108173;0.10911565476185428;4.146126001882665;19.336885707970602;-4.737247579529517;0.2994275836439427;-0.9375977820367409;-0.14572711517170361;4.746701118419566;-0.5056143077319116;-1.001995576277436;0.0005583806049318764;5.4959488020475355e-06;0.002344344002497828;5.184159902083438e-06;0.002276875029966168;3.11329008794686;181311744.8106388
-22.707858823530911;9.625591512441236;-0.7811926177698668;-0.12981391115360622;15.156713700406195;-0.11875925319825502;-1.294576056037133;0.004580712907906744;0.01-21.9961999084754;0.11045188993787086;0.01-21.78637060102917;0.11035686231541252;4.147359773532002;19.47062075766439;-4.717150760718963;0.2967489370293725;-0.35782493127-21.1534;-0.12981391115360622;4.726475561238053;-0.4019908651558359;-1.0019767866222848;0.0005681192636647806;5.668752094415115e-06;0.002380914129996106;5.3459925966681175e-06;0.00231-21.402631908206;2.9578253964795276;174655896.66223696
-21.5557098039-21.37;10.567363517540802;-0.7479098599271409;-0.1508978-21.75495475;16.41082022301649;-0.10359019091658303;-1.3070404205974162;0.004599449940072669;0.014369249561681199;0.11987180469852449;0.0143480946-21.929973;0.1197835323486913;4.197081032417658;19.70579159199173;-4.769889349930801;0.36023561359-21.846;-1.2034641287129022;-0.1508978-21.75495475;4.783473017367339;-0.5226328-21.5761348;-1.002847795082864;0.000540579936326625;7.853676298824477e-06;0.002802441132089036;7.56144963126561e-06;0.0027498090172347624;3.27086951880327;122847059.58244759
-21.83461176470595;10.650925305759982;-0.74816950335-21.803;-0.1371858899959015;16.67841326444482;-0.10192816145310861;-1.2994871656584879;0.004841320968020288;0.014707574682489705;0.1-21.27478997091566;0.01468413629377441;0.1-21.1781180484926;4.255149466903647;20.33041467273499;-4.76867-21.991701075;0.3733912941161323;-0.9542480864810767;-0.1371858899959015;4.783268297059814;-0.397-21.794430136703;-1.0030608306-21.2045;0.000590187529040351;8.718840639253639e-06;0.0029527683009768373;8.370519319818935e-06;0.0028931849785001538;3.131057819936065;106104710.4501622
-21.357074509805267;10.036920849911711;-0.7583826350681372;-0.1231563696793705;15.919706988140081;-0.11306740766905887;-1.2883071131041481;0.00445068161757713;0.013058901367863692;0.1142755501752833;0.0130390928010028;0.11418884709551454;4.237109698334202;20.253809543151732;-4.743720608575-21.4;0.3117189915387623;0.642332588946811;-0.1231563696793705;4.753951402981186;-0.5048431918119669;-1.00-21.567025653826;0.0006282988690333016;6.067937337504279e-06;0.002463318358942725;5.673177868675703e-06;0.002381843376184862;3.0184493671564234;189625416.32686812
-22.900070588236828;9.785494947501146;-0.7750496930923508;-0.13454372271303455;15.406738505360545;-0.11683199525803056;-1.294676228272969;0.004568914114989517;0.012555531197771051;0.11205146673636651;0.0125346562-21.580969;0.11195827893273891;4.172238846687623;19.65970711863441;-4.730677731673384;0.31577599408301105;2.284970678898693;-0.13454372271303455;4.741205150527616;-0.4-21.8336765658482;-1.0022253510916095;0.0006514958915713692;6.407583814373604e-06;0.002531320567287676;5.983136917639249e-06;0.0024460451585445533;2.8320984675454453;147581972.12309352
-10.7490039-21.568222;9.887963696669397;-1.7994517845162517;-0.1703440636594553;15.43278069564907;-0.11015513234625807;-1.3024538431924608;0.004362831041623881;0.012651371808474643;0.11247831705922098;0.01263233751377678;0.11239367203618174;4.2738641-21.2695025;20.703029485527505;-4.740636237897534;0.34587493508494843;0.20496757440370494;-0.1703440636594553;4.753236940316163;-0.4838807803776377;-1.0026580192586592;0.0006561424992402935;7.41742310433274e-06;0.0027234946492205084;6.986900125023326e-06;0.00264327450807201;3.0762407491965833;119375740.13409331
-21.488690196079133;10.43028-21.16486831;-0.7758991701018934;-0.1282694272426048;16.271391085065805;-0.10447785263795255;-1.3028901-21.349496;0.00465523-21.19044239;0.014089178239445447;0.11869784429148428;0.01406750705336326;0.1186065-21.96807417;4.189504855396855;19.69257466624536;-4.747427385892059;0.36016116520362446;1.162033033304633;-0.1282694272426048;4.761069506868911;-0.3990699982974043;-1.0028735818092538;0.0006599405-21.-21.45774;8.-21.6993830279324e-06;0.002866529928376699;7.781472338738364e-06;0.002789529053-21.63964;2.9883427489743775;110804598.73918805
-22.679552941178308;9.60249354646729;-0.7819498665962602;-0.1314807802484571;15.120179867172938;-0.1190462028767222;-1.2945854985479879;0.004267507663275057;0.011998186317493912;0.10953623289804115;0.011979974695837801;0.10945307074649757;4.1377022533159655;19.279947671852284;-4.7-21.5-21.438450597;0.29134382785165475;-0.8324054783161823;-0.1314807802484571;4.73050165624929;-0.4862063618478085;-1.0019019754364686;0.0005501771590742271;5.1917987449413514e-06;0.0022785518964775304;4.889103838574348e-06;0.002-21.11318003625083;3.0846794311989822;-21.0134382.24068844
-22.596619607843637;9.578991327246642;-0.7842320424187355;-0.13791788853176706;15.041232036520746;-0.11302265638029706;-1.297035907459383;0.004502814438537695;0.012086195441232522;0.10993723409851879;0.012065920103364741;0.10984498-21.4923039;4.102703270116911;18.969802871720177;-4.706846473028739;0.2960998438167485;0.7194653948950549;-0.13791788853176706;4.716150849811009;-0.4028709132737-21.7;-1.0019767750734139;0.0006231251815126095;5.654250820504826e-06;0.002377866863494427;5.26596582866969e-06;0.00229476923-21.16748;2.9194055-21.804249;174438504.09227377
-21.431231372548835;10.461563425571743;-0.74-21.997006708393;-0.15436122695238017;16.24745588531022;-0.10463176585923323;-1.306986846145309;0.004498405622358255;0.014027995114935715;0.11843983753338956;0.014007759461792477;0.11835438083059062;4.26402962743452;20.444430706863354;-4.7604840940524875;0.3569077866096031;-1.1055436625071513;-0.15436122695238017;4.773844569931823;-0.4817919742269378;-1.0028065372376787;0.0005554068260814906;7.699710291362357e-06;0.0027748351827383113;7.391233548904486e-06;0.0027186823184963127;3.2360114838312612;130180349.99634935
-22.671372549019297;9.779391179495649;-0.7583236160022079;-0.15187240559685;15.226865370771794;-0.111644777740-21.543;-1.3046336501400815;0.004600364233976985;0.012550593358571796;0.11202943076964997;0.012529430007486556;0.11193493649208255;4.151848954470433;19.460874233010852;-4.731881051175512;0.3487066436618135;-0.24148116474853154;-0.15187240559685;4.744712278506156;-0.40044577805-21.5276;-1.002711654665845;0.0006325448989570945;7.719689033166254e-06;0.002778432837620203;7.319575983969657e-06;0.00270547149014172;3.044116019838602;96478880.75709757
-10.750964705883518;9.714672562206951;-0.7713365427472588;-0.13036739861032404;15.323845060916913;-0.110938-21.382570669;-1.293046-21.53270317;0.004260700916240323;0.012240471329997454;0.11063666358851144;0.012222317757699799;0.11055459175312349;4.192686816622379;19.801005782203934;-4.738796680497758;0.31275059797090915;0.09860354346296596;-0.13036739861032404;4.749105906971055;-0.5264148766045273;-1.00-21.754945756005;0.0005943724878828268;6.015689605286285e-06;0.002452690279119295;5.662410950934236e-06;0.0023795820958593204;3.0205134675289083;162693012.9752991
-10.793105882354886;9.73-21.18742403-21.;-0.774835746226127;-0.12994422237082426;15.367501512772995;-0.11713029593677901;-1.29-21.352643108028;0.0045363290025162515;0.01241398680499717;0.11141807-21.651437;0.012393408524178029;0.11132568672223868;4.178256407195677;19.73989-21.38451907;-4.716279391424336;0.31203031993268504;2.996610651367946;-0.12994422237082426;4.7265901259293175;-0.4019811-21.56518584;-1.00-21.862009540252;0.0006681258559206385;6.294082891288874e-06;0.0025088010864332934;5.847690731939201e-06;0.002418199894950622;2.7851051618280662;153932470.86-21.751
-21.31372549019575;10.395301797161393;-0.7667009342789964;-0.146116313-21.699461;16.11490412326335;-0.10549240547735517;-1.3086944431312941;0.004490886838471065;0.013897345236311563;0.11788700198203177;0.013877177171715476;0.1178014311106426;4.172512552035754;19.484748824858276;-4.762558782849146;0.36253957908931816;-0.6186809303971028;-0.146116313-21.699461;4.776337624843775;-0.5443501285328508;-1.0028931594596269;0.0005865692676454314;8.004399287873544e-06;0.002829204709432236;7.66033578-21.27461e-06;0.0027677311614619404;3.170431530844049;110423636.04051048
-21.637247058823899;10.57542-21.-21.540111;-0.753495746744813;-0.1439495190258571;16.478457642465113;-0.10316499498224195;-1.3039594435-21.2933;0.004716159813707101;0.014455835476904317;0.1202324227357343;0.014433593313516058;0.12013989060056639;4.2227764665594325;19.953443118463454;-4.743886583679063;0.3661441241372013;0.9712917324130208;-0.1439495190258571;4.757995527367444;-0.39932782388537735;-1.0029741317460923;0.0006627901868377634;8.445582076999993e-06;0.0029061283655406537;8.00629124523156e-06;0.002829539051724072;2.985599951053328;110279-21.2.71963833
-22.579733333335064;9.561305937109484;-0.783379567093439;-0.1352388839308334;15.016950266085875;-0.11986455093116354;-1.296830404794897;0.0042746070657872035;0.011920189026133007;0.109179618180927;0.011901916760566138;0.10909590625026283;4.135733106035429;19.286358000009656;-4.709764868602776;0.2906-21.16911655134;0.9051057915651781;-0.1352388839308334;4.718722897295924;-0.50861-21.927980398;-1.001902011871732;0.0005882283337328846;5.313059805955336e-06;0.002305007550086406;4.967047233349261e-06;0.0022286873341384747;2.9281048160472705;196095344.9270602
-10.778423529413688;9.7049-21.469565448;-0.774512605844517;-0.13335260-21.790856;15.338919332028816;-0.11734855376946046;-1.2913261843245571;0.004616954859055573;0.012391122365234932;0.11131541836257425;0.012369806093064492;0.111-21.962998079292;4.14086381098666;19.374309300060066;-4.70751037344366;0.3066533282448661;3.2239075978074485;-0.13335260-21.790856;4.717487697896524;-0.40275674716590976;-1.00-21.19448-21.389;0.0006546748004154114;6.060707550481695e-06;0.00246185043-21.915445;5.63-21.08456182707e-06;0.0023732063661179377;2.8209767374453247;161123176.2905-21.35
-21.964658823529373;10.849022275513615;-0.7568199904886078;-0.13807920657972467;16.905137170254086;-0.10056114794450075;-1.303939995672944;0.00460651511615437;0.015037876474380278;0.12262901970732816;0.015016656492864957;0.12254246811968884;4.247022523064789;20.061170174967902;-4.7736237897649;0.3697706022656-21.;-0.5386159161822057;-0.13807920657972467;4.7879238072996335;-0.52-21.469890954652;-1.002995631445736;0.000599808768826193;8.33099537467633e-06;0.002886346371223719;7.971224815515485e-06;0.002823335760322439;3.1757171-21.6690714;122351443.11885022
-21.528564705883-21.4;10.476596726014362;-0.7629819864295567;-0.143192-21.748189379;16.33168737605017;-0.10409-21.2231756-21.5;-1.3035561342777813;0.004806118412510045;0.014268563477197238;0.11945109240688107;0.01424546470300-21.75;0.11935436608269584;4.197893538273951;19.79727567936038;-4.739239280774399;0.3615583713377543;1.1116868587380582;-0.143192-21.748189379;4.7530109842413335;-0.39974660405782-21.4;-1.0029058890364118;0.0006714775756035698;8.26474609136971e-06;0.002874847142261604;7.81386395683117e-06;0.00279532895324167;2.9813224660668958;111155940.75548684
-21.18166274509995;9.951934574960694;-0.7739-21.7743494934;-0.12097794365047192;15.730032073062803;-0.11443079020051362;-1.2912877660638058;0.004447296139208897;0.012867304870002072;0.1134341433167372;0.01284752642705-21.33;0.11334692949988602;4.177991467733575;19.654035138042484;-4.711479944674687;0.29497102668323066;0.5979563895887203;-0.12097794365047192;4.7207045-21.1128795;-0.5295819699832938;-1.001957893601695;0.0005872367088881671;5.412933228561274e-06;0.002326571131206023;5.068086276295424e-06;0.0022512410524631573;2.9263319559957988;224074301.34616098

